{
  "BTC": {
    "observations": 142,
    "initialAccuracy": 0.5140845070422535,
    "finalAccuracy": 0.5140845070422535,
    "winRates": {
      "rsi": {
        "winRate": 0.8181818181818182,
        "total": 11,
        "avgSignal": -0.025676853226643797
      },
      "ema": {
        "winRate": 0.4049586776859504,
        "total": 121,
        "avgSignal": 0.024487666994464845
      },
      "vwap": {
        "winRate": 0.40229885057471265,
        "total": 87,
        "avgSignal": 0.026056338028169004
      },
      "obv": {
        "winRate": 0.5106382978723404,
        "total": 141,
        "avgSignal": -0.12051014963414558
      },
      "volume": {
        "winRate": 0.36470588235294116,
        "total": 85,
        "avgSignal": 0.07936091886850592
      },
      "momentum": {
        "winRate": 0.45454545454545453,
        "total": 44,
        "avgSignal": 0.008501414361836462
      },
      "bands": {
        "winRate": 0.5777777777777777,
        "total": 45,
        "avgSignal": 0.012659794447247031
      },
      "persistence": {
        "winRate": 0.417910447761194,
        "total": 134,
        "avgSignal": -0.025645423066213566
      },
      "structure": {
        "winRate": 0.5555555555555556,
        "total": 81,
        "avgSignal": 0.06077947483931849
      },
      "macd": {
        "winRate": 0.5070422535211268,
        "total": 142,
        "avgSignal": -0.1268611200566164
      },
      "stochrsi": {
        "winRate": 0.48514851485148514,
        "total": 101,
        "avgSignal": 0.04288891186627834
      },
      "adx": {
        "winRate": 0.48484848484848486,
        "total": 99,
        "avgSignal": 0.03509551203055345
      },
      "ichimoku": {
        "winRate": 0.42727272727272725,
        "total": 110,
        "avgSignal": -0.017746478873239404
      },
      "williamsR": {
        "winRate": 0.5584415584415584,
        "total": 77,
        "avgSignal": 0.05239327932765886
      },
      "mfi": {
        "winRate": 0.4807692307692308,
        "total": 52,
        "avgSignal": 0.028244345994506172
      },
      "hma": {
        "winRate": 0.5245901639344263,
        "total": 122,
        "avgSignal": -0.0750614984597601
      },
      "vwma": {
        "winRate": 0.4,
        "total": 115,
        "avgSignal": -0.02036646533534287
      },
      "sma": {
        "winRate": 0.4015748031496063,
        "total": 127,
        "avgSignal": -0.03453559709078943
      },
      "supertrend": {
        "winRate": 0.4295774647887324,
        "total": 142,
        "avgSignal": 0.014084507042253521
      },
      "cci": {
        "winRate": 0.53125,
        "total": 128,
        "avgSignal": 0.021662233566968194
      },
      "cmf": {
        "winRate": 0.39316239316239315,
        "total": 117,
        "avgSignal": -0.02198625450536017
      },
      "fisher": {
        "winRate": 0.5192307692307693,
        "total": 104,
        "avgSignal": 0.0339496224125684
      },
      "keltner": {
        "winRate": 0.6341463414634146,
        "total": 41,
        "avgSignal": -0.01305753048134409
      }
    },
    "updatedWeights": {
      "rsi": 0.806977883027437,
      "ema": 0.4871959044226729,
      "vwap": 0.2009407992103447,
      "obv": 0.12049695220254912,
      "volume": 1.3960765847166319,
      "momentum": 0.25989749430914066,
      "bands": 2.8027589366564714,
      "persistence": 0.7821543128706357,
      "structure": 1.4039499629522156,
      "macd": 0.6172307143756052,
      "stochrsi": 1.7950985633698222,
      "adx": 0.30054618288242074,
      "ichimoku": 0.2960379213875222,
      "williamsR": 2.1990633596934126,
      "mfi": 0.507350063394344,
      "hma": 0.12078771345775641,
      "vwma": 1.1926269726075795,
      "sma": 0.18465199006781285,
      "supertrend": 0.36817193254838765,
      "cci": 1.202751494940057,
      "cmf": 0.994812238808124,
      "fisher": 1.2993209831592376,
      "keltner": 1.8075687822265805,
      "fearGreed": 1.206192982747989,
      "book": 0.2661929827479885,
      "flow": 0.24619298274798873
    }
  },
  "ETH": {
    "observations": 150,
    "initialAccuracy": 0.5133333333333333,
    "finalAccuracy": 0.5133333333333333,
    "winRates": {
      "rsi": {
        "winRate": 1,
        "total": 8,
        "avgSignal": -0.0063756813895594995
      },
      "ema": {
        "winRate": 0.4645669291338583,
        "total": 127,
        "avgSignal": 0.019683996882614102
      },
      "vwap": {
        "winRate": 0.47572815533980584,
        "total": 103,
        "avgSignal": 0.02066666666666667
      },
      "obv": {
        "winRate": 0.48951048951048953,
        "total": 143,
        "avgSignal": -0.16101198455879054
      },
      "volume": {
        "winRate": 0.5238095238095238,
        "total": 63,
        "avgSignal": 0.033012117346660874
      },
      "momentum": {
        "winRate": 0.5079365079365079,
        "total": 63,
        "avgSignal": -0.01837164879685031
      },
      "bands": {
        "winRate": 0.6111111111111112,
        "total": 36,
        "avgSignal": 0.03950187352848021
      },
      "persistence": {
        "winRate": 0.45323741007194246,
        "total": 139,
        "avgSignal": 0.06170231083918021
      },
      "structure": {
        "winRate": 0.6,
        "total": 70,
        "avgSignal": 0.007516900273091688
      },
      "macd": {
        "winRate": 0.5266666666666666,
        "total": 150,
        "avgSignal": -0.13287050134258122
      },
      "stochrsi": {
        "winRate": 0.5309734513274337,
        "total": 113,
        "avgSignal": 0.027158207954803764
      },
      "adx": {
        "winRate": 0.46226415094339623,
        "total": 106,
        "avgSignal": 0.015860896525409434
      },
      "ichimoku": {
        "winRate": 0.4462809917355372,
        "total": 121,
        "avgSignal": 0.030533333333333357
      },
      "williamsR": {
        "winRate": 0.589041095890411,
        "total": 73,
        "avgSignal": 0.015023328351269892
      },
      "mfi": {
        "winRate": 0.52,
        "total": 50,
        "avgSignal": 0.039764889306819345
      },
      "hma": {
        "winRate": 0.5193798449612403,
        "total": 129,
        "avgSignal": -0.09212956217782839
      },
      "vwma": {
        "winRate": 0.45161290322580644,
        "total": 124,
        "avgSignal": -0.0016356923694975745
      },
      "sma": {
        "winRate": 0.40310077519379844,
        "total": 129,
        "avgSignal": -0.0007517816061589781
      },
      "supertrend": {
        "winRate": 0.4666666666666667,
        "total": 150,
        "avgSignal": 0.17333333333333334
      },
      "cci": {
        "winRate": 0.5185185185185185,
        "total": 135,
        "avgSignal": 0.04597845740748016
      },
      "cmf": {
        "winRate": 0.5098039215686274,
        "total": 102,
        "avgSignal": -0.0020328684855390276
      },
      "fisher": {
        "winRate": 0.4897959183673469,
        "total": 98,
        "avgSignal": 0.03606091655717557
      },
      "keltner": {
        "winRate": 0.5675675675675675,
        "total": 37,
        "avgSignal": 0.050719933382701574
      }
    },
    "updatedWeights": {
      "rsi": 0.5057498802287947,
      "ema": 0.3345199952481591,
      "vwap": 0.15096116685931252,
      "obv": 0.5142983182123702,
      "volume": 0.9044321963513807,
      "momentum": 0.20913397722948082,
      "bands": 2.8016179810303345,
      "persistence": 0.781528025751039,
      "structure": 1.4061130191519076,
      "macd": 0.4188028029288116,
      "stochrsi": 0.9972001438218719,
      "adx": 0.24499606369077903,
      "ichimoku": 0.1932185742842483,
      "williamsR": 1.7959422122940947,
      "mfi": 0.05471930391350785,
      "hma": 0.0696571250642797,
      "vwma": 0.49299200660044784,
      "sma": 0.07884750940990853,
      "supertrend": 0.27098486815310274,
      "cci": 0.8985858188870239,
      "cmf": 0.6028853090919828,
      "fisher": 0.8992461127453751,
      "keltner": 1.402267370899583,